123123123213, John, Doe, john@example.com 
123123123213, John, Doe, john@example.com 
123123123213, John, Doe, john@example.com 
123123123213, John, Doe, john@example.com 
123123123213, John, Doe, john@example.com 
123123123213, John, Doe, john@example.com 
123123123213, John, Doe, john@example.com 
123123123213, John, Doe, john@example.com 
123123123213, John, Doe, john@example.com 
123123123213, John, Doe, john@example.com 
123123123213, John, Doe, john@example.com 
123123123213, John, Doe, john@example.com 
123123123213, John, Doe, john@example.com 
123123123213, John, Doe, john@example.com 
123123123213, John, Doe, john@example.com 
123123123213, John, Doe, john@example.com 
123123123213, John, Doe, john@example.com 
123123123213, John, Doe, john@example.com 
123123123213, John, Doe, john@example.com 
123123123213, John, Doe, john@example.com 
123123123213, John, Doe, john@example.com 
123123123213, John, Doe, john@example.com 
123123123213, John, Doe, john@example.com 
123123123213, John, Doe, john@example.com 
123123123213, John, Doe, john@example.com 
123123123213, John, Doe, john@example.com 
123123123213, John, Doe, john@example.com 
123123123213, John, Doe, john@example.com 
123123123213, John, Doe, john@example.com 
123123123213, John, Doe, john@example.com 
123123123213, John, Doe, john@example.com 
123123123213, John, Doe, john@example.com 
123123123213, John, Doe, john@example.com 
123123123213, John, Doe, john@example.com 
123123123213, John, Doe, john@example.com 
123123123213, John, Doe, john@example.com 
123123123213, John, Doe, john@example.com 
123123123213, John, Doe, john@example.com 
123123123213, John, Doe, john@example.com 
123123123213, John, Doe, john@example.com 
123123123213, John, Doe, john@example.com 
123123123213, John, Doe, john@example.com 
123123123213, John, Doe, john@example.com 
123123123213, John, Doe, john@example.com 
123123123213, John, Doe, john@example.com 
123123123213, John, Doe, john@example.com 
123123123213, John, Doe, john@example.com 
123123123213, John, Doe, john@example.com 
123123123213, John, Doe, john@example.com 
123123123213, John, Doe, john@example.com 
123123123213, John, Doe, john@example.com 
123123123213, John, Doe, john@example.com 
123123123213, John, Doe, john@example.com 
123123123213, John, Doe, john@example.com 
123123123213, John, Doe, john@example.com 
123123123213, John, Doe, john@example.com 
123123123213, John, Doe, john@example.com 
123123123213, John, Doe, john@example.com 
123123123213, John, Doe, john@example.com 
123123123213, John, Doe, john@example.com 
123123123213, John, Doe, john@example.com 
123123123213, John, Doe, john@example.com 
123123123213, John, Doe, john@example.com 
123123123213, John, Doe, john@example.com 
123123123213, John, Doe, john@example.com 
123123123213, John, Doe, john@example.com 
123123123213, John, Doe, john@example.com 
123123123213, John, Doe, john@example.com 
123123123213, John, Doe, john@example.com 
123123123213, John, Doe, john@example.com 
123123123213, John, Doe, john@example.com 
123123123213, John, Doe, john@example.com 
123123123213, John, Doe, john@example.com 
123123123213, John, Doe, john@example.com 
123123123213, John, Doe, john@example.com 
123123123213, John, Doe, john@example.com 
123123123213, John, Doe, john@example.com 
123123123213, John, Doe, john@example.com 
123123123213, John, Doe, john@example.com 
123123123213, John, Doe, john@example.com 
123123123213, John, Doe, john@example.com 
123123123213, John, Doe, john@example.com 
123123123213, John, Doe, john@example.com 
123123123213, John, Doe, john@example.com 
123123123213, John, Doe, john@example.com 
123123123213, John, Doe, john@example.com 
123123123213, John, Doe, john@example.com 
123123123213, John, Doe, john@example.com 
123123123213, John, Doe, john@example.com 
123123123213, John, Doe, john@example.com 
123123123213, John, Doe, john@example.com 
123123123213, John, Doe, john@example.com 
123123123213, John, Doe, john@example.com 
123123123213, John, Doe, john@example.com 
123123123213, John, Doe, john@example.com 
123123123213, John, Doe, john@example.com 
123123123213, John, Doe, john@example.com 
123123123213, John, Doe, john@example.com 
123123123213, John, Doe, john@example.com 
123123123213, John, Doe, john@example.com 
123123123213, John, Doe, john@example.com 
123123123213, John, Doe, john@example.com 
123123123213, John, Doe, john@example.com 
123123123213, John, Doe, john@example.com 
123123123213, John, Doe, john@example.com 
123123123213, John, Doe, john@example.com 
123123123213, John, Doe, john@example.com 
123123123213, John, Doe, john@example.com 
123123123213, John, Doe, john@example.com 
123123123213, John, Doe, john@example.com 
123123123213, John, Doe, john@example.com 
123123123213, John, Doe, john@example.com 
123123123213, John, Doe, john@example.com 
123123123213, John, Doe, john@example.com 
123123123213, John, Doe, john@example.com 
123123123213, John, Doe, john@example.com 
123123123213, John, Doe, john@example.com 
123123123213, John, Doe, john@example.com 
123123123213, John, Doe, john@example.com 
123123123213, John, Doe, john@example.com 
123123123213, John, Doe, john@example.com 
123123123213, John, Doe, john@example.com 
123123123213, John, Doe, john@example.com 
123123123213, John, Doe, john@example.com 
123123123213, John, Doe, john@example.com 
123123123213, John, Doe, john@example.com 
123123123213, John, Doe, john@example.com 
123123123213, John, Doe, john@example.com 
123123123213, John, Doe, john@example.com 
123123123213, John, Doe, john@example.com 
123123123213, John, Doe, john@example.com 
123123123213, John, Doe, john@example.com 
123123123213, John, Doe, john@example.com 
